row_index_in_batch,y_true,y_pred,confidence,anomaly_score,model_error,priority_score,selection_reasons,batch_index,participants
68,1,0,0.906972348690033,13.728129784737163,1,28.287164488880077,"anomalous_high_confidence,overconfident_error,drift_batch",1,P7
238,0,0,0.9077672362327576,13.439844633130924,0,22.85473676147072,"anomalous_high_confidence,drift_batch",1,P7
56,2,0,0.9388317465782166,9.281650680016128,1,21.617445831798523,"anomalous_high_confidence,overconfident_error,drift_batch",1,P7
69,1,0,0.8599199056625366,6.094352511569661,1,16.836498579128826,"anomalous_high_confidence,overconfident_error,drift_batch",1,P7
147,0,0,0.9203888177871704,8.123161562176584,0,14.87971215503921,"anomalous_high_confidence,drift_batch",1,P7
245,0,0,0.8697587847709656,7.934879484200774,0,14.597289038075495,"anomalous_high_confidence,drift_batch",1,P7
241,0,0,0.8939759135246277,6.351813273062976,0,12.222689721368797,"anomalous_high_confidence,drift_batch",1,P7
247,0,0,0.8684974908828735,6.036721233306056,0,11.750051661733417,"anomalous_high_confidence,drift_batch",1,P7
10,2,1,0.27879276871681213,1.729721604856421,1,4.137384274340709,"low_confidence,drift_batch",1,P7
88,1,0,0.2810075581073761,3.0586566832457325,1,4.132954695559581,"low_confidence,drift_batch",1,P7
38,2,3,0.2855106294155121,2.013939193498029,1,4.123948552943309,"low_confidence,drift_batch",1,P7
14,2,3,0.2916174530982971,2.6672716654784563,1,4.111734905577739,"low_confidence,drift_batch",1,P7
54,2,3,0.29164788126945496,2.8650661341965584,1,4.111674049235424,"low_confidence,drift_batch",1,P7
81,1,0,0.2927510440349579,2.958773586741758,1,4.109467723704418,"low_confidence,drift_batch",1,P7
18,2,3,0.29294106364250183,1.9704143838539434,1,4.10908768448933,"low_confidence,drift_batch",1,P7
117,1,1,0.2954050898551941,2.5169391428162813,0,4.104159632063945,"low_confidence,drift_batch",1,P7
211,0,0,0.2956392765045166,2.6054659944858045,0,4.1036912587653,"low_confidence,drift_batch",1,P7
39,2,3,0.29726365208625793,3.885881400196401,1,4.100442507601818,"low_confidence,drift_batch",1,P7
80,1,3,0.30427467823028564,3.560028757618868,1,4.086420455313762,"low_confidence,drift_batch",1,P7
16,2,0,0.30668801069259644,1.3027320208583621,1,4.081593790389141,"low_confidence,drift_batch",1,P7
1,2,0,0.3097487688064575,3.4211728756170663,1,4.075472274161418,"low_confidence,drift_batch",1,P7
19,2,0,0.31051063537597656,2.0548550262920116,1,4.07394854102238,"low_confidence,drift_batch",1,P7
58,2,3,0.31395331025123596,2.578409490339836,1,4.0670631912718616,"low_confidence,drift_batch",1,P7
17,2,3,0.3159162998199463,2.6410703344883557,1,4.063137212134441,"low_confidence,drift_batch",1,P7
30,0,0,0.9596322178840637,13.683689360132515,0,23.496273946726383,"anomalous_high_confidence,drift_batch",2,P7
1,0,0,0.8929375410079956,13.364272600911354,0,23.017148807894642,"anomalous_high_confidence,drift_batch",2,P7
92,2,0,0.8533807992935181,8.176178346172316,1,20.235007425786087,"anomalous_high_confidence,overconfident_error,drift_batch",2,P7
56,0,0,0.9267066717147827,10.742923180823414,0,19.085124677762735,"anomalous_high_confidence,drift_batch",2,P7
217,0,0,0.8553004264831543,9.616261693431674,0,17.395132446675124,"anomalous_high_confidence,drift_batch",2,P7
55,0,0,0.9031294584274292,9.277585727325986,0,16.887118497516592,"anomalous_high_confidence,drift_batch",2,P7
31,0,0,0.9365697503089905,8.785035020230499,0,16.148292436873362,"anomalous_high_confidence,drift_batch",2,P7
114,1,1,0.2768184542655945,3.2676939132840457,0,4.417102997996424,"low_confidence,drift_batch",2,P7
71,2,0,0.2815723121166229,3.862052461574256,1,4.407595282294367,"low_confidence,drift_batch",2,P7
79,2,1,0.2844943702220917,3.8508816441854994,1,4.40175116608343,"low_confidence,drift_batch",2,P7
78,2,0,0.2868623435497284,2.945569274668349,1,4.397015219428156,"low_confidence,drift_batch",2,P7
198,1,0,0.28923213481903076,2.3274588674308614,1,4.3922756368895515,"low_confidence,drift_batch",2,P7
21,0,0,0.28990817070007324,3.043708411637475,0,4.3909235651274665,"low_confidence,drift_batch",2,P7
70,2,1,0.2929505407810211,2.824927600690356,1,4.384838824965571,"low_confidence,drift_batch",2,P7
186,1,0,0.29685163497924805,1.168371590999403,1,4.377036636569117,"low_confidence,drift_batch",2,P7
145,2,1,0.2986064553260803,2.6607712791182045,1,4.373526995875452,"low_confidence,drift_batch",2,P7
20,0,0,0.30145782232284546,2.0027802958960086,0,4.367824261881922,"low_confidence,drift_batch",2,P7
100,2,0,0.3081471920013428,2.6036574778253265,1,4.3544455225249274,"low_confidence,drift_batch",2,P7
116,1,0,0.32485437393188477,4.3526342329976755,1,4.3210311586638435,"low_confidence,drift_batch",2,P7
252,0,0,0.32909345626831055,3.151730183288204,0,4.312552993990992,"low_confidence,drift_batch",2,P7
144,2,0,0.3313598930835724,3.086270914566877,1,4.308020120360468,"low_confidence,drift_batch",2,P7
72,2,0,0.333320289850235,4.013493791543338,1,4.304099326827143,"low_confidence,drift_batch",2,P7
248,0,0,0.3353132903575897,3.2220325025434393,0,4.3001133258124336,"low_confidence,drift_batch",2,P7
187,1,0,0.3360764980316162,2.806917975816569,1,4.298586910464381,"low_confidence,drift_batch",2,P7
30,0,0,0.9019303321838379,11.912442165847063,0,17.868663248770595,anomalous_high_confidence,3,"P11,P7"
9,0,0,0.9027528762817383,9.562251129573045,0,14.343376694359568,anomalous_high_confidence,3,"P11,P7"
40,0,0,0.8993237018585205,8.544297272229072,0,12.816445908343606,anomalous_high_confidence,3,"P11,P7"
50,0,0,0.8777158856391907,7.7933722240454255,0,11.690058336068137,anomalous_high_confidence,3,"P11,P7"
19,0,0,0.8659192323684692,7.701826129878496,0,11.552739194817743,anomalous_high_confidence,3,"P11,P7"
41,0,0,0.8692729473114014,7.567812730452075,0,11.351719095678112,anomalous_high_confidence,3,"P11,P7"
12,0,0,0.8600754141807556,7.433317254621818,0,11.149975881932725,anomalous_high_confidence,3,"P11,P7"
22,0,0,0.8720993995666504,4.446212221831722,0,6.669318332747583,anomalous_high_confidence,3,"P11,P7"
210,0,2,0.26715943217277527,1.3529025454133603,1,1.4656811356544495,low_confidence,3,"P11,P7"
229,0,2,0.26758551597595215,0.8916622415346007,1,1.4648289680480957,low_confidence,3,"P11,P7"
254,0,2,0.27142366766929626,1.004566492259753,1,1.4571526646614075,low_confidence,3,"P11,P7"
255,0,2,0.2752346396446228,0.9413737015893604,1,1.4495307207107544,low_confidence,3,"P11,P7"
237,0,2,0.27586647868156433,0.9847713921330693,1,1.4482670426368713,low_confidence,3,"P11,P7"
233,0,3,0.277384877204895,1.1086070461936295,1,1.44523024559021,low_confidence,3,"P11,P7"
246,0,3,0.2787013649940491,1.580171075742691,1,1.4425972700119019,low_confidence,3,"P11,P7"
126,2,2,0.2789427638053894,1.7501865486908714,0,1.4421144723892212,low_confidence,3,"P11,P7"
124,2,2,0.2798771262168884,1.1538408657482553,0,1.4402457475662231,low_confidence,3,"P11,P7"
245,0,3,0.279984712600708,1.0107339753939635,1,1.440030574798584,low_confidence,3,"P11,P7"
222,0,2,0.2808908224105835,0.7272293240472889,1,1.438218355178833,low_confidence,3,"P11,P7"
250,0,2,0.28324756026268005,0.8389902586916486,1,1.43350487947464,low_confidence,3,"P11,P7"
127,2,2,0.28386610746383667,1.1055147433019719,0,1.4322677850723267,low_confidence,3,"P11,P7"
110,2,3,0.2845127582550049,1.3879142456677946,1,1.4309744834899902,low_confidence,3,"P11,P7"
141,2,3,0.2856128513813019,1.4001111914366107,1,1.4287742972373962,low_confidence,3,"P11,P7"
109,2,2,0.28582677245140076,1.728748730330382,0,1.4283464550971985,low_confidence,3,"P11,P7"
120,0,0,0.933798611164093,5.425001318244763,0,9.721171197649735,"anomalous_high_confidence,drift_batch",4,P11
137,0,0,0.8908964395523071,5.231923843921274,0,9.431554986164501,"anomalous_high_confidence,drift_batch",4,P11
68,0,0,0.9581726789474487,5.13910652450882,0,9.29232900704582,"anomalous_high_confidence,drift_batch",4,P11
69,0,0,0.8807743787765503,4.355382875336922,0,8.116743533287973,"anomalous_high_confidence,drift_batch",4,P11
162,2,0,0.2539879381656647,1.7552936540118722,1,3.0756933439512615,"low_confidence,drift_batch",4,P11
207,1,3,0.25668805837631226,2.0788520083124684,1,3.0702931035299663,"low_confidence,drift_batch",4,P11
131,0,3,0.258260041475296,2.0743247834756247,1,3.067149137331999,"low_confidence,drift_batch",4,P11
150,2,2,0.2592458724975586,0.8896561987624502,0,3.0651774752874736,"low_confidence,drift_batch",4,P11
43,0,3,0.26002147793769836,2.2009363979182806,1,3.063626264407194,"low_confidence,drift_batch",4,P11
180,2,2,0.2620868682861328,2.596455412600968,0,3.059495483710325,"low_confidence,drift_batch",4,P11
156,2,2,0.26405754685401917,1.745802137109156,0,3.0555541265745525,"low_confidence,drift_batch",4,P11
249,2,3,0.26547449827194214,1.486345197996576,1,3.0527202237387066,"low_confidence,drift_batch",4,P11
237,2,0,0.2656346559524536,1.264557180832526,1,3.0523999083776836,"low_confidence,drift_batch",4,P11
81,0,3,0.2686346471309662,2.3602700603433444,1,3.0463999260206585,"low_confidence,drift_batch",4,P11
32,0,3,0.26892587542533875,1.221637788247099,1,3.0458174694319133,"low_confidence,drift_batch",4,P11
229,3,2,0.26904022693634033,1.1883332881776714,1,3.04558876640991,"low_confidence,drift_batch",4,P11
230,3,3,0.2702995538711548,1.640887183428398,0,3.0430701125402813,"low_confidence,drift_batch",4,P11
222,3,0,0.27076825499534607,1.468267657762981,1,3.0421327102918987,"low_confidence,drift_batch",4,P11
163,2,2,0.27203917503356934,1.0627889053371167,0,3.039590870215452,"low_confidence,drift_batch",4,P11
164,2,2,0.27319368720054626,2.107340137446095,0,3.0372818458814983,"low_confidence,drift_batch",4,P11
189,2,2,0.2740553915500641,1.21779043242538,0,3.0355584371824627,"low_confidence,drift_batch",4,P11
144,2,2,0.2743304669857025,1.1641891621864728,0,3.035008286311186,"low_confidence,drift_batch",4,P11
14,0,3,0.27442556619644165,1.962822818354494,1,3.0348180878897075,"low_confidence,drift_batch",4,P11
48,0,3,0.27509063482284546,2.755805835686272,1,3.0334879506369,"low_confidence,drift_batch",4,P11
198,3,0,0.26282191276550293,1.9964747792753488,1,2.7614064383076933,"low_confidence,drift_batch",5,P11
211,0,0,0.26335930824279785,2.7096802560103685,0,2.7603316473531034,"low_confidence,drift_batch",5,P11
181,1,0,0.2648968994617462,1.81983688906367,1,2.7572564649152067,"low_confidence,drift_batch",5,P11
180,1,2,0.26546114683151245,1.7451862797045825,1,2.7561279701756742,"low_confidence,drift_batch",5,P11
161,2,3,0.26568958163261414,1.954634372271494,1,2.755671100573471,"low_confidence,drift_batch",5,P11
222,0,2,0.26574692130088806,1.5123306818038222,1,2.755556421236923,"low_confidence,drift_batch",5,P11
69,2,2,0.2668616473674774,3.081332608968046,0,2.7533269691037443,"low_confidence,drift_batch",5,P11
70,2,3,0.2670116126537323,3.480229266565762,1,2.7530270385312345,"low_confidence,drift_batch",5,P11
118,2,2,0.2674846053123474,0.9755777303399991,0,2.7520810532140043,"low_confidence,drift_batch",5,P11
29,2,2,0.2675846815109253,1.1928014563736031,0,2.7518809008168486,"low_confidence,drift_batch",5,P11
63,2,2,0.26830169558525085,2.685702242580747,0,2.7504468726681974,"low_confidence,drift_batch",5,P11
206,3,2,0.2686324417591095,1.4394217954864288,1,2.74978538032048,"low_confidence,drift_batch",5,P11
253,0,1,0.26944583654403687,1.795892697282736,1,2.7481585907506254,"low_confidence,drift_batch",5,P11
34,2,1,0.27004995942115784,2.3412084092849543,1,2.7469503449963835,"low_confidence,drift_batch",5,P11
66,2,2,0.27043694257736206,0.8614067458559587,0,2.746176378683975,"low_confidence,drift_batch",5,P11
30,2,2,0.2709396183490753,1.0782257628911713,0,2.7451710271405485,"low_confidence,drift_batch",5,P11
132,2,2,0.2709764540195465,0.8890841183342023,0,2.745097355799606,"low_confidence,drift_batch",5,P11
38,2,2,0.27108851075172424,1.1584358908832615,0,2.7448732423352507,"low_confidence,drift_batch",5,P11
191,3,0,0.2713276147842407,0.831176123140036,1,2.7443950342702177,"low_confidence,drift_batch",5,P11
160,2,3,0.2718914747238159,2.0289059462603367,1,2.7432673143910673,"low_confidence,drift_batch",5,P11
16,2,2,0.2725308835506439,1.2478558701466045,0,2.7419884967374113,"low_confidence,drift_batch",5,P11
156,2,2,0.2738240361213684,2.6155951442065315,0,2.7394021915959623,"low_confidence,drift_batch",5,P11
96,2,0,0.27429673075675964,1.4783744988741947,1,2.73845680232518,"low_confidence,drift_batch",5,P11
81,2,0,0.27434319257736206,1.2196859334760635,1,2.738363878683975,"low_confidence,drift_batch",5,P11
3,0,3,0.2611006498336792,2.1599508499050515,1,1.4777987003326416,low_confidence,6,"P11,P18"
56,0,2,0.2640462815761566,1.9386099694114078,1,1.4719074368476868,low_confidence,6,"P11,P18"
0,0,3,0.2641686797142029,1.6661531380285424,1,1.4716626405715942,low_confidence,6,"P11,P18"
44,0,0,0.2678789794445038,1.9322541521494392,0,1.4642420411109924,low_confidence,6,"P11,P18"
60,0,1,0.2742733359336853,2.1392606463677017,1,1.4514533281326294,low_confidence,6,"P11,P18"
57,0,0,0.2743239402770996,1.5550830913836364,0,1.4513521194458008,low_confidence,6,"P11,P18"
26,0,2,0.27481406927108765,1.3223846062590598,1,1.4503718614578247,low_confidence,6,"P11,P18"
203,2,2,0.27495571970939636,1.7965195532767422,0,1.4500885605812073,low_confidence,6,"P11,P18"
137,2,3,0.2749612629413605,1.873189140469895,1,1.450077474117279,low_confidence,6,"P11,P18"
163,2,2,0.2749936282634735,1.291606605241126,0,1.450012743473053,low_confidence,6,"P11,P18"
239,1,2,0.27654093503952026,1.3735843891226356,1,1.4469181299209595,low_confidence,6,"P11,P18"
236,1,2,0.27916765213012695,1.061400205083312,1,1.441664695739746,low_confidence,6,"P11,P18"
23,0,2,0.2793392241001129,1.4311301149167086,1,1.4413215517997742,low_confidence,6,"P11,P18"
170,2,2,0.2802143394947052,1.3239638231567337,0,1.4395713210105896,low_confidence,6,"P11,P18"
40,0,2,0.28194519877433777,2.1972276881632946,1,1.4361096024513245,low_confidence,6,"P11,P18"
54,0,1,0.2819458246231079,2.1090811174732917,1,1.4361083507537842,low_confidence,6,"P11,P18"
207,2,2,0.28198426961898804,1.4392609337012048,0,1.436031460762024,low_confidence,6,"P11,P18"
254,3,2,0.2823009490966797,1.289412440857082,1,1.4353981018066406,low_confidence,6,"P11,P18"
128,2,2,0.2824610769748688,0.907620898720384,0,1.4350778460502625,low_confidence,6,"P11,P18"
182,2,2,0.2846861481666565,1.0278076352916432,0,1.430627703666687,low_confidence,6,"P11,P18"
94,2,2,0.28951290249824524,1.3570155949682454,0,1.4209741950035095,low_confidence,6,"P11,P18"
192,2,2,0.29047590494155884,1.3045084572529253,0,1.4190481901168823,low_confidence,6,"P11,P18"
91,2,2,0.2907527983188629,1.0708798426513895,0,1.4184944033622742,low_confidence,6,"P11,P18"
12,0,0,0.2911968529224396,1.4003263131868091,0,1.4176062941551208,low_confidence,6,"P11,P18"
80,0,3,0.2602709233760834,1.0315135380028964,1,2.317149286303204,"low_confidence,drift_batch",7,P18
184,0,2,0.263873815536499,1.2974160350445847,1,2.3099435019823726,"low_confidence,drift_batch",7,P18
49,0,2,0.2642748951911926,1.0714127808676914,1,2.3091413426729854,"low_confidence,drift_batch",7,P18
163,0,3,0.2643531262874603,1.137274026197059,1,2.30898488048045,"low_confidence,drift_batch",7,P18
84,0,2,0.2667838931083679,0.6258990229759125,1,2.304123346838635,"low_confidence,drift_batch",7,P18
55,0,2,0.26728808879852295,0.8760122212389658,1,2.303114955458325,"low_confidence,drift_batch",7,P18
181,0,0,0.267931193113327,1.5212204699225331,0,2.3018287468287166,"low_confidence,drift_batch",7,P18
166,0,3,0.26802754402160645,1.2402568301362455,1,2.301636045012158,"low_confidence,drift_batch",7,P18
61,0,0,0.26833537220954895,1.8089240870691483,0,2.301020388636273,"low_confidence,drift_batch",7,P18
169,0,0,0.2687699496746063,1.2681413670293482,0,2.300151233706158,"low_confidence,drift_batch",7,P18
89,0,2,0.26946091651916504,1.5262107025208138,1,2.2987693000170406,"low_confidence,drift_batch",7,P18
10,3,2,0.2723325490951538,1.188267537872526,1,2.293026034865063,"low_confidence,drift_batch",7,P18
34,0,2,0.2725459635257721,1.0055636047686733,1,2.2925992060038265,"low_confidence,drift_batch",7,P18
54,0,3,0.2727092504501343,1.0762555558164602,1,2.292272632155102,"low_confidence,drift_batch",7,P18
48,0,2,0.2730543613433838,1.0280299044805483,1,2.291582410368603,"low_confidence,drift_batch",7,P18
150,0,2,0.27353033423423767,1.7045390442338684,1,2.2906304645868953,"low_confidence,drift_batch",7,P18
79,0,2,0.27483290433883667,1.056691495332682,1,2.2880253243776973,"low_confidence,drift_batch",7,P18
62,0,0,0.2760085165500641,1.2530677995112425,0,2.2856740999552425,"low_confidence,drift_batch",7,P18
139,0,0,0.2770366370677948,1.2014595609708751,0,2.283617858919781,"low_confidence,drift_batch",7,P18
113,0,2,0.27749061584472656,1.5251258716157166,1,2.2827099013659176,"low_confidence,drift_batch",7,P18
63,0,0,0.27749839425086975,1.2761481340781966,0,2.282694344553631,"low_confidence,drift_batch",7,P18
148,0,2,0.27751389145851135,1.902336862594579,1,2.282663350138348,"low_confidence,drift_batch",7,P18
95,0,2,0.2781256437301636,1.2772907799091455,1,2.2814398455950435,"low_confidence,drift_batch",7,P18
175,0,2,0.2781781256198883,1.549322512729935,1,2.281334881815594,"low_confidence,drift_batch",7,P18
219,1,2,0.26159024238586426,1.008832809126573,1,3.0813690507285356,"low_confidence,drift_batch",8,P18
167,2,0,0.26732560992240906,0.7541030607296165,1,3.069898315655446,"low_confidence,drift_batch",8,P18
143,2,3,0.27358415722846985,1.1257733118540432,1,3.0573812210433244,"low_confidence,drift_batch",8,P18
168,2,2,0.27388858795166016,0.7933613850204401,0,3.056772359596944,"low_confidence,drift_batch",8,P18
180,2,2,0.2741438150405884,1.028130749984792,0,3.0562619054190874,"low_confidence,drift_batch",8,P18
6,2,2,0.2747950553894043,1.6002248079345631,0,3.0549594247214555,"low_confidence,drift_batch",8,P18
153,2,2,0.27643242478370667,1.3606951824048616,0,3.051684685932851,"low_confidence,drift_batch",8,P18
87,1,2,0.2812435030937195,1.6357336844992014,1,3.042062529312825,"low_confidence,drift_batch",8,P18
170,2,2,0.2824212908744812,1.565494208386275,0,3.0397069537513017,"low_confidence,drift_batch",8,P18
157,2,2,0.28471770882606506,0.8968294364921194,0,3.035114117848134,"low_confidence,drift_batch",8,P18
171,2,2,0.28687718510627747,1.4563911847694804,0,3.030795165287709,"low_confidence,drift_batch",8,P18
164,2,3,0.2875225245952606,1.4283763773912828,1,3.029504486309743,"low_confidence,drift_batch",8,P18
61,1,2,0.291373074054718,1.014291545573426,1,3.021803387390828,"low_confidence,drift_batch",8,P18
128,2,2,0.2928127944469452,1.1835141961212141,0,3.0189239466063738,"low_confidence,drift_batch",8,P18
179,2,2,0.29284921288490295,0.8682547064155793,0,3.0188511097304582,"low_confidence,drift_batch",8,P18
130,2,3,0.29289886355400085,1.0211458217173912,1,3.0187518083922624,"low_confidence,drift_batch",8,P18
142,2,2,0.2932908535003662,1.6065701776779615,0,3.0179678284995317,"low_confidence,drift_batch",8,P18
39,1,2,0.2934529781341553,1.5346685575743273,1,3.0176435792319536,"low_confidence,drift_batch",8,P18
202,2,3,0.293538361787796,1.844918044074237,1,3.017472811924672,"low_confidence,drift_batch",8,P18
68,1,3,0.2951222062110901,1.229332853451423,1,3.014305123078084,"low_confidence,drift_batch",8,P18
220,1,2,0.2954550087451935,1.2936928968393502,1,3.013639518009877,"low_confidence,drift_batch",8,P18
178,2,2,0.2962919771671295,1.0343725226045666,0,3.011965581166005,"low_confidence,drift_batch",8,P18
41,1,2,0.2974984347820282,1.3863552810428135,1,3.0095526659362077,"low_confidence,drift_batch",8,P18
144,2,1,0.29824304580688477,1.1391152773815327,1,3.0080634438864946,"low_confidence,drift_batch",8,P18
172,2,3,0.2546566128730774,1.0950414548604346,1,2.636224205066867,"low_confidence,drift_batch",9,"P18,P22"
94,0,2,0.2592856287956238,0.9381096768806152,1,2.626966173221774,"low_confidence,drift_batch",9,"P18,P22"
68,0,2,0.2608545124530792,1.1652499325840497,1,2.6238284059068633,"low_confidence,drift_batch",9,"P18,P22"
162,2,0,0.26347240805625916,1.5799708257749654,1,2.6185926147005034,"low_confidence,drift_batch",9,"P18,P22"
229,2,2,0.26597654819488525,0.9276544587821266,0,2.613584334423251,"low_confidence,drift_batch",9,"P18,P22"
218,2,0,0.26646730303764343,0.9256134874596115,1,2.612602824737735,"low_confidence,drift_batch",9,"P18,P22"
201,2,2,0.2668566107749939,1.0767735772232376,0,2.611824209263034,"low_confidence,drift_batch",9,"P18,P22"
56,0,2,0.26883766055107117,1.098580532901244,1,2.6078621097108794,"low_confidence,drift_batch",9,"P18,P22"
114,0,2,0.2691710889339447,1.6885402744338698,1,2.6071952529451323,"low_confidence,drift_batch",9,"P18,P22"
130,2,2,0.2703276574611664,0.5885203386649661,0,2.604882115890689,"low_confidence,drift_batch",9,"P18,P22"
163,2,2,0.2711796760559082,1.5654456363313274,0,2.6031780787012053,"low_confidence,drift_batch",9,"P18,P22"
169,2,0,0.2735694348812103,1.3923620825684868,1,2.598398561050601,"low_confidence,drift_batch",9,"P18,P22"
69,0,2,0.27644121646881104,1.2811811536806432,1,2.5926549978753997,"low_confidence,drift_batch",9,"P18,P22"
244,2,2,0.27683645486831665,2.02616578699137,0,2.5918645210763884,"low_confidence,drift_batch",9,"P18,P22"
230,2,2,0.2770356833934784,0.8010146593198493,0,2.591466064026065,"low_confidence,drift_batch",9,"P18,P22"
181,2,2,0.2770949900150299,0.9868872317989019,0,2.591347450782962,"low_confidence,drift_batch",9,"P18,P22"
70,0,2,0.27830561995506287,1.0480023691412024,1,2.588926190902896,"low_confidence,drift_batch",9,"P18,P22"
225,2,2,0.2793644070625305,1.4228136474542896,0,2.5868086166879607,"low_confidence,drift_batch",9,"P18,P22"
126,2,2,0.2795695960521698,1.4023392466287563,0,2.586398238708682,"low_confidence,drift_batch",9,"P18,P22"
219,2,2,0.28188180923461914,1.695630791783602,0,2.5817738123437834,"low_confidence,drift_batch",9,"P18,P22"
89,0,2,0.2828538417816162,1.2752651544212414,1,2.5798297472497893,"low_confidence,drift_batch",9,"P18,P22"
217,2,2,0.28335097432136536,0.897617125456363,0,2.578835482170291,"low_confidence,drift_batch",9,"P18,P22"
52,0,2,0.283863365650177,1.6867010097282782,1,2.5778106995126677,"low_confidence,drift_batch",9,"P18,P22"
44,0,0,0.2840128540992737,1.2339129691375146,0,2.5775117226144744,"low_confidence,drift_batch",9,"P18,P22"
137,0,2,0.2577211260795593,0.8678441113510952,1,2.3366722748884357,"low_confidence,drift_batch",10,P22
107,0,3,0.25802814960479736,0.9555386235059327,1,2.3360582278379596,"low_confidence,drift_batch",10,P22
95,3,3,0.2586432993412018,0.7250865640815832,0,2.3348279283651507,"low_confidence,drift_batch",10,P22
176,0,2,0.2588885426521301,1.2400949172415618,1,2.334337441743294,"low_confidence,drift_batch",10,P22
87,3,2,0.2597942650318146,1.4530736714384473,1,2.332525996983925,"low_confidence,drift_batch",10,P22
232,0,2,0.2615702152252197,1.2283479871077254,1,2.328974096597115,"low_confidence,drift_batch",10,P22
65,1,2,0.26240745186805725,0.9990386348942931,1,2.32729962331144,"low_confidence,drift_batch",10,P22
195,0,2,0.2631118893623352,1.0593116222841596,1,2.325890748322884,"low_confidence,drift_batch",10,P22
193,0,2,0.2634449005126953,1.3267470488650837,1,2.3252247260221637,"low_confidence,drift_batch",10,P22
127,0,3,0.2673731744289398,1.5205859938073933,1,2.3173681781896747,"low_confidence,drift_batch",10,P22
37,1,2,0.26790428161621094,1.4148035626531854,1,2.3163059638151324,"low_confidence,drift_batch",10,P22
194,0,3,0.270015150308609,1.1011726813996285,1,2.3120842264303363,"low_confidence,drift_batch",10,P22
247,0,0,0.2704560160636902,0.7389579161216457,0,2.311202494920174,"low_confidence,drift_batch",10,P22
233,0,0,0.2706565856933594,1.481207632057106,0,2.3108013556608356,"low_confidence,drift_batch",10,P22
54,1,2,0.2733398377895355,0.9929036230312905,1,2.3054348514684833,"low_confidence,drift_batch",10,P22
240,0,3,0.275200754404068,0.9158784735102606,1,2.3017130182394183,"low_confidence,drift_batch",10,P22
187,0,0,0.27520114183425903,1.7849833553774945,0,2.3017122433790362,"low_confidence,drift_batch",10,P22
110,0,2,0.27550920844078064,1.5111365707117252,1,2.301096110165993,"low_confidence,drift_batch",10,P22
90,3,2,0.2755800783634186,1.1236227741844547,1,2.300954370320717,"low_confidence,drift_batch",10,P22
96,3,2,0.27565711736679077,1.5715822916710733,1,2.3008002923139728,"low_confidence,drift_batch",10,P22
254,0,0,0.2756716310977936,1.3835904545889015,0,2.300771264851967,"low_confidence,drift_batch",10,P22
207,0,2,0.27590784430503845,1.08037689410307,1,2.3002988384374774,"low_confidence,drift_batch",10,P22
198,0,2,0.27678051590919495,1.8829965580680177,1,2.2985534952291644,"low_confidence,drift_batch",10,P22
224,0,2,0.27706271409988403,1.4995056382835266,1,2.2979890988477862,"low_confidence,drift_batch",10,P22
191,2,2,0.2611692249774933,1.1318776541070301,0,2.667816362751401,"low_confidence,drift_batch",11,P22
190,2,2,0.2627069056034088,0.8765111296363358,0,2.66474100149957,"low_confidence,drift_batch",11,P22
163,2,0,0.2640936076641083,1.2544782425275602,1,2.661967597378171,"low_confidence,drift_batch",11,P22
175,2,2,0.2664552330970764,1.4871617181601215,0,2.657244346512235,"low_confidence,drift_batch",11,P22
21,0,2,0.2668226957321167,0.8816491430121958,1,2.6565094212421543,"low_confidence,drift_batch",11,P22
45,2,3,0.26815465092658997,1.778468440152083,1,2.6538455108532077,"low_confidence,drift_batch",11,P22
7,0,0,0.26859214901924133,1.2929561111018648,0,2.652970514667905,"low_confidence,drift_batch",11,P22
250,1,2,0.2687084376811981,1.184602318349225,1,2.6527379373439914,"low_confidence,drift_batch",11,P22
2,0,2,0.2694711685180664,0.7754914043973131,1,2.651212475670255,"low_confidence,drift_batch",11,P22
143,3,2,0.27067622542381287,0.95819857056226,1,2.648802361858762,"low_confidence,drift_batch",11,P22
223,2,2,0.27142098546028137,0.9350472013476675,0,2.647312841785825,"low_confidence,drift_batch",11,P22
210,2,2,0.2714705765247345,1.0884604991281317,0,2.6472136596569187,"low_confidence,drift_batch",11,P22
29,0,2,0.2725587785243988,1.06242140735109,1,2.64503725565759,"low_confidence,drift_batch",11,P22
57,2,2,0.2726317346096039,1.1405515260626915,0,2.64489134348718,"low_confidence,drift_batch",11,P22
22,0,0,0.27337589859962463,1.1280255835245103,0,2.6434030155071384,"low_confidence,drift_batch",11,P22
219,2,2,0.2737399637699127,0.897665362518706,0,2.6426748851665622,"low_confidence,drift_batch",11,P22
184,2,2,0.2744121849536896,1.2385648222274301,0,2.6413304427990085,"low_confidence,drift_batch",11,P22
227,2,0,0.2751369774341583,1.3350300474895391,1,2.639880857838071,"low_confidence,drift_batch",11,P22
245,2,0,0.2756408452987671,0.7822881848487873,1,2.6388731221088535,"low_confidence,drift_batch",11,P22
251,1,2,0.2761836051940918,1.2466577128779788,1,2.637787602318204,"low_confidence,drift_batch",11,P22
88,1,0,0.2767869234085083,1.0283333797979517,1,2.636580965889371,"low_confidence,drift_batch",11,P22
187,2,2,0.2789296507835388,1.2301264333470958,0,2.63229551113931,"low_confidence,drift_batch",11,P22
255,1,2,0.2796553373336792,0.6581697999661423,1,2.6308441380390293,"low_confidence,drift_batch",11,P22
189,2,3,0.27971920371055603,0.9086356188570357,1,2.6307164052852756,"low_confidence,drift_batch",11,P22
145,0,2,0.25616738200187683,1.1617309632339254,1,2.43256650907406,"low_confidence,drift_batch",12,P22
191,0,0,0.2617470324039459,1.5340110324528002,0,2.4214072082699216,"low_confidence,drift_batch",12,P22
100,0,0,0.2619653642177582,0.987719568839825,0,2.420970544642297,"low_confidence,drift_batch",12,P22
156,0,2,0.2651553452014923,1.1348601688393227,1,2.414590582674829,"low_confidence,drift_batch",12,P22
204,0,2,0.2656534016132355,1.052533783736571,1,2.4135944698513425,"low_confidence,drift_batch",12,P22
134,0,2,0.2657645642757416,1.0159885180846442,1,2.4133721445263303,"low_confidence,drift_batch",12,P22
14,1,3,0.266361266374588,1.686513395320572,1,2.4121787403286374,"low_confidence,drift_batch",12,P22
96,3,2,0.27018842101097107,1.002953593385498,1,2.4045244310558713,"low_confidence,drift_batch",12,P22
112,0,2,0.27043524384498596,1.4898078611687495,1,2.4040307853878415,"low_confidence,drift_batch",12,P22
90,3,3,0.27188533544540405,0.9703698693261392,0,2.4011306021870054,"low_confidence,drift_batch",12,P22
132,0,2,0.27219200134277344,1.592490992515615,1,2.4005172703922666,"low_confidence,drift_batch",12,P22
215,0,2,0.2724425792694092,0.7951153601800256,1,2.400016114538995,"low_confidence,drift_batch",12,P22
131,0,0,0.27261313796043396,1.8469015284694135,0,2.3996749971569455,"low_confidence,drift_batch",12,P22
209,0,3,0.27282947301864624,0.8072713265754566,1,2.399242327040521,"low_confidence,drift_batch",12,P22
167,0,3,0.2734280526638031,1.6279219325914749,1,2.3980451677502073,"low_confidence,drift_batch",12,P22
119,0,0,0.2735159993171692,0.7685421520449184,0,2.397869274443475,"low_confidence,drift_batch",12,P22
179,0,2,0.27354079484939575,1.1040795749679382,1,2.397819683379022,"low_confidence,drift_batch",12,P22
16,1,2,0.274476557970047,1.3628399568333387,1,2.3959481571377195,"low_confidence,drift_batch",12,P22
83,3,0,0.2752850353717804,1.225372265791707,1,2.3943312023342527,"low_confidence,drift_batch",12,P22
214,0,0,0.2754203677177429,0.7635559853847751,0,2.3940605376423276,"low_confidence,drift_batch",12,P22
59,1,2,0.275461345911026,0.7976744906214907,1,2.3939785812557615,"low_confidence,drift_batch",12,P22
106,0,2,0.27605482935905457,1.3206461744719031,1,2.3927916143597043,"low_confidence,drift_batch",12,P22
168,0,2,0.27704450488090515,1.6824135788238923,1,2.390812263316003,"low_confidence,drift_batch",12,P22
4,1,2,0.2782597839832306,1.5587597144689003,1,2.3883817051113523,"low_confidence,drift_batch",12,P22
